"Route","Methods","Guards","Permissions","Special","RateLimit","Lines"
"/api/addresses","GET|POST","requireUser","","","","35"
"/api/addresses/[id]","GET|PATCH|DELETE","requireUser","","","","48"
"/api/auth/[...nextauth]","","","","AUTHJS","","3"
"/api/cart","GET|POST|DELETE","requireUser","","","","32"
"/api/cart/items/[id]","PATCH|DELETE","requireUser","","","","28"
"/api/catalogue","GET","","","","","23"
"/api/checkout","POST","requirePermission","ORDER_PLACE","","CHECKOUT","54"
"/api/checkout/delivery-windows","GET","","","","","19"
"/api/cron/daily-orders","POST|GET","","","CRON_SECRET","CRON","64"
"/api/delivery-orders/[id]","PATCH","requirePermission","DELIVERY_ORDER_MANAGE_OWN","","","44"
"/api/delivery-partner","POST|GET","requirePermission","DELIVERY_PARTNER_REGISTER|DELIVERY_PARTNER_MANAGE","","MUTATION","61"
"/api/delivery-partner/[id]","GET|PATCH","requirePermission","DELIVERY_PARTNER_MANAGE","","","56"
"/api/delivery-partner/deliveries","GET","requirePermission","DELIVERY_ORDER_MANAGE_OWN","","","16"
"/api/delivery-partner/earnings","GET","requirePermission","DELIVERY_ORDER_MANAGE_OWN","","","21"
"/api/delivery-partner/earnings-config","GET|POST","requirePermission","DELIVERY_EARNINGS_CONFIG_MANAGE","","","27"
"/api/delivery-partner/location","POST","requirePermission","DELIVERY_ORDER_MANAGE_OWN","","","20"
"/api/delivery-partner/me","GET","requirePermission","DELIVERY_PARTNER_VIEW_OWN","","","12"
"/api/delivery-partner/status","PATCH","requirePermission","DELIVERY_ORDER_MANAGE_OWN","","","23"
"/api/dev/settle-topup","POST","requirePermission","WALLET_TOPUP_OWN","","PAYMENT","47"
"/api/excel-uploads","POST","requireShopAccess","EXCEL_UPLOAD_ANY","","","50"
"/api/excel-uploads/[id]/apply","POST|DELETE","requireShopAccess","EXCEL_UPLOAD_ANY","","","42"
"/api/geo/verify-location","POST","requireUser","","","MUTATION","34"
"/api/grievances","POST|GET","getCurrentUser|requirePermission","GRIEVANCE_MANAGE","","GRIEVANCE","62"
"/api/grievances/[id]","PATCH","requirePermission","GRIEVANCE_MANAGE","","","33"
"/api/grievances/lookup","GET","","","","GRIEVANCE","33"
"/api/notifications","GET|PATCH","requireUser","","","","38"
"/api/orders","GET","requirePermission","ORDER_VIEW_OWN","","","12"
"/api/orders/[id]/assign","POST","requireShopAccess","DELIVERY_ORDER_MANAGE_ANY","","","50"
"/api/orders/[id]/status","PATCH","requireShopAccess|requireUser","ORDER_UPDATE_STATUS_ANY","","","58"
"/api/price-requests","GET|POST","requireShopAccess|requireUser","SHOP_PRODUCT_MANAGE_ANY|PRICE_REQUEST_DECIDE_ANY","","","67"
"/api/price-requests/[id]/override","POST","requirePermission","PRICE_REQUEST_OVERRIDE","","","21"
"/api/price-requests/decide","POST","requireAnyPermission","PRICE_REQUEST_DECIDE_OWN|PRICE_REQUEST_DECIDE_ANY","","","46"
"/api/product-master/brands","GET","requirePermission","PMD_VIEW","","","16"
"/api/product-master/categories","GET","requirePermission","PMD_VIEW","","","22"
"/api/product-master/data-quality","GET","requirePermission","PMD_VIEW","","","17"
"/api/product-master/manufacturers","GET","requirePermission","PMD_VIEW","","","16"
"/api/product-master/products","GET","requirePermission","PMD_VIEW","","","17"
"/api/product-master/products/[id]","GET","requirePermission","PMD_VIEW","","","20"
"/api/product-master/products/[id]/offers","GET","requirePermission","PMD_VIEW","","","22"
"/api/product-master/products/[id]/price-history","GET","requirePermission","PMD_VIEW","","","22"
"/api/product-master/products/[id]/promote","POST","requirePermission","PMD_PROMOTE","","","24"
"/api/product-master/products/import","POST","requirePermission","PMD_IMPORT","","","34"
"/api/product-master/products/match","POST","requirePermission","PMD_VIEW","","","22"
"/api/product-master/products/search","GET","requirePermission","PMD_VIEW","","","20"
"/api/product-master/products/validate","POST","requirePermission","PMD_VIEW","","","21"
"/api/product-master/review","GET","requirePermission","PMD_VIEW","","","17"
"/api/product-master/review/[candidateId]","POST","requirePermission","PMD_REVIEW","","","38"
"/api/products","POST","requireShopAccess","PRODUCT_CREATE_ANY","","","104"
"/api/products/[id]/approval","POST","requirePermission","PRODUCT_APPROVE","","","32"
"/api/products/pending-approval","GET","requirePermission","PRODUCT_APPROVE","","","12"
"/api/referral-codes","GET|POST","requirePermission","REFERRAL_MANAGE","","","43"
"/api/registration-fees","GET|POST","requirePermission","REGISTRATION_FEE_MANAGE","","","45"
"/api/shop-payments","GET|POST","requirePermission|requireShopAccess|requireUser","PAYMENT_VIEW_ANY|PAYMENT_RECORD","","","56"
"/api/shop-payments/[id]/reverse","POST","requirePermission","PAYMENT_RECORD","","","24"
"/api/shop-products/[id]","PATCH|DELETE","requireShopAccess","SHOP_PRODUCT_MANAGE_ANY","","","130"
"/api/shops","GET|POST","requirePermission","SHOP_CREATE|SHOP_REGISTRATION_MANAGE","","","95"
"/api/shops/[id]","GET|PATCH","requireShopAccess","SHOP_UPDATE_ANY","","","75"
"/api/shops/[id]/approve","POST","requirePermission","SHOP_APPROVE","","","19"
"/api/shops/[id]/catalogue-search","GET","requireShopAccess","SHOP_PRODUCT_MANAGE_ANY","","","52"
"/api/shops/[id]/classification","GET|POST","requirePermission","SHOP_SET_CLASSIFICATION","","","35"
"/api/shops/[id]/compliance","PATCH","requirePermission","SHOP_COMPLIANCE_MANAGE","","","31"
"/api/shops/[id]/gst","POST","requireShopAccess","SHOP_GST_PAN_VERIFY","","","26"
"/api/shops/[id]/gst/reject","POST","requirePermission","SHOP_GST_PAN_VERIFY","","","19"
"/api/shops/[id]/gst/verify","POST","requirePermission","SHOP_GST_PAN_VERIFY","","","22"
"/api/shops/[id]/pan","POST","requireShopAccess","SHOP_GST_PAN_VERIFY","","","22"
"/api/shops/[id]/pan/reject","POST","requirePermission","SHOP_GST_PAN_VERIFY","","","19"
"/api/shops/[id]/pan/reveal","POST","requirePermission","SHOP_PAN_REVEAL","","","16"
"/api/shops/[id]/pan/verify","POST","requirePermission","SHOP_GST_PAN_VERIFY","","","15"
"/api/shops/[id]/price-template","GET","requireShopAccess","SHOP_PRODUCT_MANAGE_ANY","","","38"
"/api/shops/[id]/products","GET|POST","requireShopAccess","SHOP_PRODUCT_MANAGE_ANY","","","55"
"/api/shops/[id]/reject","POST","requirePermission","SHOP_REJECT","","","19"
"/api/subscriptions","GET|POST","requirePermission","SUBSCRIPTION_MANAGE_OWN","","","48"
"/api/subscriptions/[id]","GET|PATCH|DELETE","requireSubscriptionAccess","SUBSCRIPTION_MANAGE_ANY","","","72"
"/api/subscriptions/[id]/calendar","GET","requireSubscriptionAccess","SUBSCRIPTION_MANAGE_ANY","","","20"
"/api/subscriptions/[id]/override","POST|DELETE","requireSubscriptionAccess","SUBSCRIPTION_MANAGE_ANY","","","47"
"/api/subscriptions/[id]/pause","POST","requireSubscriptionAccess","SUBSCRIPTION_MANAGE_ANY","","","29"
"/api/subscriptions/[id]/resume","POST","requireSubscriptionAccess","SUBSCRIPTION_MANAGE_ANY","","","17"
"/api/subscriptions/[id]/retry","POST","requireSubscriptionAccess","SUBSCRIPTION_MANAGE_ANY","","","23"
"/api/subscriptions/[id]/skip","POST","requireSubscriptionAccess","SUBSCRIPTION_MANAGE_ANY","","","22"
"/api/users","GET","requirePermission","USER_VIEW_ANY","","","21"
"/api/users/[id]/role","PATCH","requirePermission","USER_SET_ROLE","","","20"
"/api/vouchers","GET|POST","requirePermission","VOUCHER_VIEW|VOUCHER_MANAGE","","","49"
"/api/vouchers/[id]","PATCH","requirePermission","VOUCHER_MANAGE","","","33"
"/api/vouchers/[id]/status","POST","requirePermission","VOUCHER_MANAGE","","","19"
"/api/vouchers/dashboard","GET","requirePermission","VOUCHER_VIEW","","","12"
"/api/vouchers/preview","POST","requirePermission","WALLET_TOPUP_OWN","","","25"
"/api/vouchers/redemptions","GET","requirePermission","VOUCHER_VIEW","","","21"
"/api/voucher-uploads","POST","requirePermission","VOUCHER_UPLOAD","","","29"
"/api/voucher-uploads/[id]/apply","POST","requirePermission","VOUCHER_UPLOAD","","","15"
"/api/voucher-uploads/template","GET","requirePermission","VOUCHER_UPLOAD","","","21"
"/api/wallet","GET","requirePermission","WALLET_VIEW_OWN","","","45"
"/api/wallet/settings","PATCH","requirePermission","WALLET_VIEW_OWN","","","21"
"/api/wallet/topup","POST","requirePermission","WALLET_TOPUP_OWN","","PAYMENT","39"
"/api/wallet/verify","POST","requirePermission","WALLET_TOPUP_OWN","","PAYMENT","39"
"/api/webhooks/cashfree","POST","","","WEBHOOK_SIG","","95"
